<application>
  <component name="FeatureSuggesterSettings">
    <option name="workingDays">
      <list>
        <option value="1651484640196" />
        <option value="1651546179565" />
        <option value="1651640139861" />
        <option value="1651748573615" />
        <option value="1651816356030" />
        <option value="1651852893195" />
        <option value="1651970462543" />
        <option value="1652079259391" />
        <option value="1652179631953" />
        <option value="1652266094158" />
        <option value="1652357746597" />
        <option value="1652372976393" />
        <option value="1652457601650" />
        <option value="1652700270481" />
        <option value="1652784050089" />
        <option value="1652870724920" />
        <option value="1652923259181" />
        <option value="1653032133793" />
        <option value="1653201959011" />
        <option value="1653396052470" />
        <option value="1653648481936" />
        <option value="1653816715360" />
        <option value="1653906823810" />
        <option value="1653926401479" />
        <option value="1654241834953" />
        <option value="1654347388411" />
        <option value="1654362149020" />
        <option value="1654601308058" />
        <option value="1654683215803" />
        <option value="1654754734616" />
      </list>
    </option>
  </component>
</application>