<application>
  <component name="FileTypeManager" version="18">
    <ignoreFiles list="*.classpath;*.gitignore;*.idea;*.iml;*.project;*.pyc;*.pyo;*.rbc;*.settings;*.sh;*.yarb;*~;.DS_Store;.git;.hg;.svn;CVS;__pycache__;_svn;vssver.scc;vssver2.scc" />
    <extensionMap>
      <mapping pattern=".test.crc" type="PLAIN_TEXT" />
      <mapping pattern=".test2.txt.crc" type="PLAIN_TEXT" />
      <mapping pattern="resources" type="PLAIN_TEXT" />
      <removed_mapping ext="apk" approved="true" type="ARCHIVE" />
      <removed_mapping ext="psd" approved="true" type="Image" />
      <removed_mapping ext="sql" approved="true" type="SQL" />
      <removed_mapping pattern="application.yml" approved="true" type="PLAIN_TEXT" />
    </extensionMap>
  </component>
</application>