<application>
  <component name="ProjectManager">
    <defaultProject>
      <component name="CodeInsightWorkspaceSettings">
        <option name="optimizeImportsOnTheFly" value="true" />
      </component>
      <component name="EclipseCodeFormatterProjectSettings">
        <option name="projectSpecificProfile">
          <ProjectSpecificProfile>
            <option name="formatter" value="ECLIPSE" />
            <option name="pathToConfigFileJava" value="D:/Apps/IntelliJ IDEA/alibaba-codestyle.xml" />
            <option name="selectedJavaProfile" value="P3C-CodeStyle" />
          </ProjectSpecificProfile>
        </option>
      </component>
      <component name="MavenImportPreferences">
        <option name="generalSettings">
          <MavenGeneralSettings>
            <option name="localRepository" value="D:\Apps\DeveloperKits\MavenRepository" />
            <option name="mavenHome" value="D:/Apps/DeveloperKits/Maven_3.8.4" />
            <option name="userSettingsFile" value="D:\Apps\DeveloperKits\Maven_3.8.4\conf\settings.xml" />
          </MavenGeneralSettings>
        </option>
      </component>
      <component name="ProjectLevelVcsManager" settingsEditedManually="true" />
      <component name="ProjectViewState">
        <option name="autoscrollToSource" value="true" />
        <option name="foldersAlwaysOnTop" value="false" />
        <option name="hideEmptyMiddlePackages" value="true" />
        <option name="showExcludedFiles" value="false" />
        <option name="showLibraryContents" value="true" />
        <option name="sortByType" value="true" />
      </component>
      <component name="PropertiesComponent">
        <property name="last_opened_file_path" value="D:/Apps/IntelliJ IDEA/alibaba-codestyle.xml" />
        <property name="settings.editor.selected.configurable" value="preferences.sourceCode.Java" />
      </component>
      <component name="SaveActionSettings">
        <option name="actions">
          <set>
            <option value="activate" />
            <option value="activateOnShortcut" />
            <option value="organizeImports" />
            <option value="reformat" />
            <option value="missingOverrideAnnotation" />
          </set>
        </option>
        <option name="configurationPath" value="" />
      </component>
      <component name="VcsManagerConfiguration">
        <option name="SHOW_DIRTY_RECURSIVELY" value="true" />
      </component>
      <component name="YarnPnpManager">
        <pnp-files />
      </component>
      <component name="masterDetails">
        <states>
          <state key="ProjectJDKs.UI">
            <settings>
              <last-edited>1.8</last-edited>
              <splitter-proportions>
                <option name="proportions">
                  <list>
                    <option value="0.2" />
                  </list>
                </option>
              </splitter-proportions>
            </settings>
          </state>
          <state key="ScopeChooserConfigurable.UI">
            <settings>
              <splitter-proportions>
                <option name="proportions">
                  <list>
                    <option value="0.2" />
                  </list>
                </option>
              </splitter-proportions>
            </settings>
          </state>
        </states>
      </component>
    </defaultProject>
  </component>
</application>