<application>
  <component name="AppStorage">
    <option name="newTranslationDialogHeight" value="384" />
    <option name="newTranslationDialogWidth" value="564" />
    <option name="newTranslationDialogX" value="819" />
    <option name="newTranslationDialogY" value="397" />
    <option name="pinTranslationDialog" value="true" />
    <histories>
      <item value="sync plugins silently" />
      <item value="sync plugins" />
      <item value="sync plug" />
      <item value="sync plu" />
      <item value="sync p" />
      <item value="sync " />
      <item value="Exception in createBlockOutputStream blk_1073741833_1009" />
      <item value="org.apache.zookeeper.ClientCnxn EndOfStreamException: Unable to read additional data from server sessionid 0x10019f16a450002, likely server has closed socket" />
      <item value="org.apache.zookeeper.ClientCnxnEndOfStreamException: Unable to read additional data from server sessionid 0x10019f16a450002, likely server has closed socket" />
      <item value="Client Cnxn End Of Stream Exception" />
      <item value="Unable to read additional data from server sessionid 0x10019f16a450002, likely server has closed socket" />
      <item value="Class path contains multiple SLF4J bindings." />
      <item value="Unable to read additional data from server sessionid 0x100002609a00086, likely server has closed socket" />
      <item value="Cannot format given Object as a Date" />
      <item value="Creates an instance of ReentrantLock. This is equivalent to using ReentrantLock(false)." />
      <item value="Unable to read additional data from server sessionid 0x0, likely server has closed socket, closing socket connection and attempting reconnect" />
      <item value="Session establishment complete on server zhulinz.top8.134.120.71:2181, sessionid = 0x10022bebd390406, negotiated timeout = 20000" />
      <item value="Opening socket connection to server zhulinz.top8.134.120.71:2181. Will not attempt to authenticate using SASL (unknown error)" />
      <item value="Socket connection established, initiating session, client: 192.168.1.141:52032, server: zhulinz.top8.134.120.71:2181" />
      <item value="KeeperErrorCode = ConnectionLoss" />
      <item value="2022-05-31 16:56:28.066 WARN 10844 --- [ main] ockingLoadBalancerClientRibbonWarnLogger : You already have RibbonLoadBalancerClient on your classpath. It will be used by default. As Spring Cloud Ribbon is in maintenance mode. We recommend switching to BlockingLoadBalancerClient instead. In order to use it, set the value of `spring.cloud.loadbalancer.ribbon.enabled` to `false` or remove spring-cloud-starter-netflix-ribbon from your project." />
      <item value="Cannot execute request on any known server" />
      <item value="Replica node URL" />
      <item value="Request URI does not contain a valid hostname" />
      <item value="Failed connecting to host http:zhulinz.top:4030" />
      <item value="Failed to load class" />
      <item value="Failed to create socket." />
      <item value="Licensed to the Apache Software Foundation (ASF) under one or more contributor license agreements. See the NOTICE file distributed with this work for additional information regarding copyright ownership. The ASF licenses this file to you under the Apache License, Version 2.0 (the &quot;License&quot;); you may not use this file except in compliance with the License. You may obtain a copy of the License at http:www.apache.orglicensesLICENSE-2.0 Unless required by applicable law or agreed to in writing, software distributed under the License is distributed on an &quot;AS IS&quot; BASIS, WITHOUT WARRANTIES OR CONDITIONS OF ANY KIND, either express or implied. See the License for the specific language governing permissions and limitations under the License." />
      <item value="Address already in use: bind" />
      <item value="Unsupported Operation Exception" />
      <item value="org.springframework.beans.factory.BeanCreationException: Error creating bean with name 'druidDataSource' defined in class path resource [comzhulinconfigDruidConfig.class]: Bean instantiation via factory method failed; nested exception is org.springframework.beans.BeanInstantiationException: Failed to instantiate [javax.sql.DataSource]: Factory method 'druidDataSource' threw exception; nested exception is java.sql.SQLException: url not set" />
      <item value="Bean instantiation via factory method failed" />
      <item value="not have locally. This is usually caused by another repository pushing" />
      <item value="Updates were rejected because the remote contains work that you do" />
      <item value="failed to push some refs to 'https:gitee.comxuliyaheizizBook.git'" />
      <item value="NoNode for mysqlurl" />
      <item value="KeeperErrorCode = NoNode for mysqlurl" />
      <item value="org.apache.zookeeper.KeeperExceptionNoNodeException: KeeperErrorCode = NoNode for mysqlurl" />
      <item value="Invalid path string &quot;zhulinz.top:2181&quot; caused by empty node name specified @1" />
      <item value="Path must not end with character" />
      <item value="TEST 1 ZKHELPER" />
      <item value="java.net.UnknownHostException: www.coderutil.com" />
      <item value="Failed to bind properties under 'spring.datasource' to javax.sql.DataSource: Property: spring.datasource.filters Value: stat,wall,log4j Origin: class path resource [application.yml] - 33:14 Reason: java.lang.ClassNotFoundException: org.apache.log4j.Logger" />
      <item value="Number Format Exception.for Input String" />
      <item value="For input string: &quot;364.64&quot;" />
      <item value="WRONGPASS invalid username-password pair or user is disabled." />
      <item value="first – the path string or initial part of the path string" />
      <item value="java.util.ConcurrentModificationException: null" />
      <item value="WRONGTYPE Operation against a key holding the wrong kind of value" />
      <item value="Error in execution; nested exception is io.lettuce.core.RedisCommandExecutionException: WRONGTYPE Operation against a key holding the wrong kind of value" />
    </histories>
    <option name="languageScores">
      <map>
        <entry key="CHINESE" value="44" />
        <entry key="ENGLISH" value="44" />
        <entry key="BENGALI" value="3" />
      </map>
    </option>
  </component>
  <component name="Cache">
    <option name="lastTrimTime" value="1654428161054" />
  </component>
</application>